    {
      "name": "append-no-conflicts",
      "description": "Indexes the whole document corpus using Elasticsearch default settings. We only adjust the number of replicas as we benchmark a single node cluster and Rally will only start the benchmark if the cluster turns green. Document ids are unique so all index operations are append only. After that a couple of queries are run.",
      "default": true,
      "schedule": [
        {
          "operation": "delete-index"
        },
        {
          "operation": {
            "operation-type": "create-index",
            "settings": {{index_settings | default({}) | tojson}}
          }
        },
        {
          "name": "check-cluster-health",
          "operation": {
            "operation-type": "cluster-health",
            "index": "tutorial",
            "request-params": {
              "wait_for_status": "{{cluster_health | default('green')}}",
              "wait_for_no_relocating_shards": "true"
            }
          }
        },
        {
          "operation": "index-append",
          "warmup-iterations": 0,
          "clients": {{bulk_indexing_clients | default(8)}}
        },
        {
          "name": "refresh-after-index",
          "operation": "refresh"
        },
        {
          "operation": {
            "operation-type": "force-merge",
            "request-timeout": 7200
          }
        },
        {
          "name": "refresh-after-force-merge",
          "operation": "refresh"
        },
        {
          "name": "wait-until-merges-finish",
          "operation": {
            "operation-type": "index-stats",
            "index": "_all",
            "condition": {
              "path": "_all.total.merges.current",
              "expected-value": 0
            },
            "retry-until-success": true,
            "include-in-reporting": false
          }
        },
        {
          "operation": "index-stats",
          "warmup-iterations": 500,
          "iterations": 1000,
          "target-throughput": 90
        },
        {
          "operation": "node-stats",
          "warmup-iterations": 100,
          "iterations": 1000,
          "target-throughput": 90
        },
        {
          "operation": "default",
          "warmup-iterations": 500,
          "iterations": 1000,
          "target-throughput": 50
        },
        {
          "operation": "term",
          "warmup-iterations": 500,
          "iterations": 1000,
          "target-throughput": 150
        },
        {
          "operation": "phrase",
          "warmup-iterations": 500,
          "iterations": 1000,
          "target-throughput": 150
        },
        {
          "operation": "country_agg_uncached",
          "warmup-iterations": 200,
          "iterations": 100,
          "target-throughput": 4
        },
        {
          "operation": "country_agg_cached",
          "warmup-iterations": 1000,
          "iterations": 1000,
          "target-throughput": 100
        },
        {
          "operation": "scroll",
          "warmup-iterations": 200,
          "iterations": 100,
          "#COMMENT": "Throughput is considered per request. So we issue one scroll request per second which will retrieve 25 pages",
          "target-throughput": 0.8
        },
        {
          "operation": "expression",
          "warmup-iterations": 200,
          "iterations": 100,
          "target-throughput": 2
        },
        {
          "operation": "painless_static",
          "warmup-iterations": 200,
          "iterations": 100,
          "target-throughput": 1.5
        },
        {
          "operation": "painless_dynamic",
          "warmup-iterations": 200,
          "iterations": 100,
          "target-throughput": 1.5
        }
      ]
    },
    {
      "name": "append-no-conflicts-index-only",
      "description": "Indexes the whole document corpus using Elasticsearch default settings. We only adjust the number of replicas as we benchmark a single node cluster and Rally will only start the benchmark if the cluster turns green. Document ids are unique so all index operations are append only.",
      "schedule": [
        {
          "operation": "delete-index"
        },
        {
          "operation": {
            "operation-type": "create-index",
            "settings": {{index_settings | default({}) | tojson}}
          }
        },
        {
          "name": "check-cluster-health",
          "operation": {
            "operation-type": "cluster-health",
            "index": "tutorial",
            "request-params": {
              "wait_for_status": "{{cluster_health | default('green')}}",
              "wait_for_no_relocating_shards": "true"
            }
          }
        },
        {
          "operation": "index-append",
          "warmup-time-period": 0,
          "clients": {{bulk_indexing_clients | default(8)}}
        },
        {
          "operation": {
            "operation-type": "force-merge",
            "request-timeout": 7200
          }
        },
        {
          "name": "wait-until-merges-finish",
          "operation": {
            "operation-type": "index-stats",
            "index": "_all",
            "condition": {
              "path": "_all.total.merges.current",
              "expected-value": 0
            },
            "retry-until-success": true,
            "include-in-reporting": false
          }
        }
      ]
    },
    {
      "name": "append-sorted-no-conflicts",
      "description": "Indexes the whole document corpus in an index sorted by country_code field in ascending order. Document ids are unique so all index operations are append only.",
      "schedule": [
        {
          "operation": "delete-index"
        },
        {
          "operation": {
            "operation-type": "create-index",
            "settings": {%- if index_settings is defined %} {{index_settings | tojson}} {%- else %} {
              "index.sort.field": ["country_code.raw", "admin1_code.raw"],
              "index.sort.order": ["asc", "asc"]
            }{%- endif %}
          }
        },
        {
          "name": "check-cluster-health",
          "operation": {
            "operation-type": "cluster-health",
            "index": "tutorial",
            "request-params": {
              "wait_for_status": "{{cluster_health | default('green')}}",
              "wait_for_no_relocating_shards": "true"
            }
          }
        },
        {
          "operation": "index-append",
          "warmup-time-period": 0,
          "clients": {{bulk_indexing_clients | default(8)}}
        },
        {
          "operation": {
            "operation-type": "force-merge",
            "request-timeout": 7200
          }
        },
        {
          "name": "wait-until-merges-finish",
          "operation": {
            "operation-type": "index-stats",
            "index": "_all",
            "condition": {
              "path": "_all.total.merges.current",
              "expected-value": 0
            },
            "retry-until-success": true,
            "include-in-reporting": false
          }
        }
      ]
    },
    {
      "name": "append-fast-with-conflicts",
      "description": "Indexes the whole document corpus using a setup that will lead to a larger indexing throughput than the default settings. Rally will produce duplicate ids in 25% of all documents (not configurable) so we can simulate a scenario with appends most of the time and some updates in between.",
      "schedule": [
        {
          "operation": "delete-index"
        },
        {
          "operation": {
            "operation-type": "create-index",
            "settings": {%- if index_settings is defined %} {{index_settings | tojson}} {%- else %} {
              "index.refresh_interval": "30s",
              "index.number_of_shards": {{number_of_shards | default(6)}},
              "index.translog.flush_threshold_size": "4g"
            }{%- endif %}
          }
        },
        {
          "name": "check-cluster-health",
          "operation": {
            "operation-type": "cluster-health",
            "index": "tutorial",
            "request-params": {
              "wait_for_status": "{{cluster_health | default('green')}}",
              "wait_for_no_relocating_shards": "true"
            }
          }
        },
        {
          "operation": "index-update",
          "warmup-time-period": 45,
          "clients": {{bulk_indexing_clients | default(8)}}
        },
        {
          "operation": {
            "operation-type": "force-merge",
            "request-timeout": 7200
          }
        },
        {
          "name": "wait-until-merges-finish",
          "operation": {
            "operation-type": "index-stats",
            "index": "_all",
            "condition": {
              "path": "_all.total.merges.current",
              "expected-value": 0
            },
            "retry-until-success": true,
            "include-in-reporting": false
          }
        }
      ]
    }

