{% import "rally.helpers" as rally with context %}

{
  "version": 2,
  "description": "StackOverflow Q&A stored as nested docs",
  "indices": [
    {
      "name": "sonested",
      "body": "index.json",
      "types": ["question"]
    }
  ],
  "corpora": [
    {
      "name": "nested",
      "base-url": "http://benchmarks.elasticsearch.org.s3.amazonaws.com/corpora/nested",
      "documents": [
        {
          "source-file": "documents.json.bz2",
          "document-count": 11203029,
          "compressed-bytes": 695550727,
          "uncompressed-bytes": 3637747670
        }
      ]
    }
  ],
  "operations": [
    {{ rally.collect(parts="operations/*.json") }}
  ],
  "challenges": [
    {{ rally.collect(parts="challenges/*.json") }}
  ]
}
