{
  "version": 1,
  "formatters": {
    "normal": {
      "format": "%(asctime)s,%(msecs)d %(actorAddress)s/PID:%(process)d %(name)s %(levelname)s %(message)s",
      "datefmt": "%Y-%m-%d %H:%M:%S",
      "()": "esrally.log.configure_utc_formatter"
    },
    "profile": {
      "format": "%(asctime)s,%(msecs)d PID:%(process)d %(name)s %(levelname)s %(message)s",
      "datefmt": "%Y-%m-%d %H:%M:%S",
      "()": "esrally.log.configure_utc_formatter"
    }
  },
  "filters": {
    "isActorLog": {
      "()": "thespian.director.ActorAddressLogFilter"
    }
  },
  "handlers": {
    "rally_log_handler": {
      "class": "logging.handlers.WatchedFileHandler",
      "filename": "/rally/.rally/logs/rally.log",
      "encoding": "UTF-8",
      "formatter": "normal",
      "filters": ["isActorLog"]
    },
    "rally_profile_handler": {
      "class": "logging.FileHandler",
      "filename": "/rally/.rally/logs/profile.log",
      "delay": true,
      "encoding": "UTF-8",
      "formatter": "profile"
    }
  },
  "root": {
    "handlers": ["rally_log_handler"],
    "level": "INFO"
  },
  "loggers": {
    "elasticsearch": {
      "handlers": ["rally_log_handler"],
      "level": "WARNING",
      "propagate": false
    },
    "rally.profile": {
      "handlers": ["rally_profile_handler"],
      "level": "INFO",
      "propagate": false
    }
  }
}
