{% import "rally.helpers" as rally with context %}
{
  "version": 2,
  "description": "Tutorial for Rally",
  "data-url": "/rally/.rally/benchmarks/data",
  "indices": [
    {
      "name": "tutorial",
      "body": "index.json"
    }
  ],
  "corpora": [
    {
      "name": "tutorial",
      "base-url": "/rally/.rally/benchmarks/data",
      "documents": [
        {
          "source-file": "documents.json.bz2",
          "document-count": 1000,
          "compressed-bytes": 20985,
          "uncompressed-bytes": 276850,
          "target-index": "tutorial"
        }
      ]
    }
  ],
  "operations": [
    {{ rally.collect(parts="operations/*.json") }}
  ],
  "challenges": [
    {{ rally.collect(parts="challenges/*.json") }}
  ]
}
