{
  "settings": {
    "index.number_of_shards": {{number_of_shards | default(5)}},
    "index.number_of_replicas": {{number_of_replicas | default(0)}},
    "index.requests.cache.enable": false
  },
  "mappings": {
    "doc": {
      "dynamic": "strict",
      "_source": {
        "enabled": {{ source_enabled | default(true) | tojson }}
      },
      "properties": {
      	"user": {
          "type": "keyword"
        },
        "creationDate": {
          "type": "date"
        },
        "title": {
          "type": "text"
        },
        "questionId": {
          "type": "keyword"
        },
        "answerId": {
          "type": "keyword"
        },
        "acceptedAnswerId": {
          "type": "keyword"
        },
        "tags": {
          "type": "keyword"
        },
        "body": {
          "type": "text"
        },
        "type": {
          "type": "keyword"
        }
      }
    }
  }
}