{
  "settings": {
    "index.number_of_shards": {{number_of_shards | default(5)}},
    "index.number_of_replicas": {{number_of_replicas | default(0)}},
    "index.requests.cache.enable": false
  },
  "mappings": {
    "type": {
      "dynamic": "strict",
      "_source": {
        "enabled": {{ source_enabled | default(true) | tojson }}
      },
      "properties": {
        "elevation": {
          "type": "integer"
        },
        "name": {
          "type": "text",
          "fields": {
            "raw": {
              "type": "keyword"
            }
          }
        },
        "geonameid": {
          "type": "long"
        },
        "feature_class": {
          "type": "text",
          "fields": {
            "raw": {
              "type": "keyword"
            }
          }
        },
        "location": {
          "type": "geo_point"
        },
        "cc2": {
          "type": "text",
          "fields": {
            "raw": {
              "type": "keyword"
            }
          }
        },
        "timezone": {
          "type": "text",
          "fields": {
            "raw": {
              "type": "keyword"
            }
          }
        },
        "dem": {
          "type": "text",
          "fields": {
            "raw": {
              "type": "keyword"
            }
          }
        },
        "country_code": {
          "type": "text",
          "fielddata": true,
          "fields": {
            "raw": {
              "type": "keyword"
            }
          }
        },
        "admin1_code": {
          "type": "text",
          "fields": {
            "raw": {
              "type": "keyword"
            }
          }
        },
        "admin2_code": {
          "type": "text",
          "fields": {
            "raw": {
              "type": "keyword"
            }
          }
        },
        "admin3_code": {
          "type": "text",
          "fields": {
            "raw": {
              "type": "keyword"
            }
          }
        },
        "admin4_code": {
          "type": "text",
          "fields": {
            "raw": {
              "type": "keyword"
            }
          }
        },
        "feature_code": {
          "type": "text",
          "fields": {
            "raw": {
              "type": "keyword"
            }
          }
        },
        "alternatenames": {
          "type": "text",
          "fields": {
            "raw": {
              "type": "keyword"
            }
          }
        },
        "asciiname": {
          "type": "text",
          "fields": {
            "raw": {
              "type": "keyword"
            }
          }
        },
        "population": {
          "type": "long"
        }
      }
    }
  }
}
