{
  "policy": {
    "phases": {
      "hot": {
        "actions": {
          "rollover": {
            "max_age": "1d",
            "max_size": "150G"
          }
        }
      },
      "warm": {
        "min_age": "2d",
        "actions": {
          "forcemerge": {
            "max_num_segments": 1
          },
          "shrink": {
            "number_of_shards": 1
          },
          "allocate": {
            "number_of_replicas": 1
          }
        }
      },
      "cold": {
        "min_age": "3d",
        "actions": {
          "allocate": {
            "require": {
              "box_type": "cold"
            }
          }
        }
      },
      "delete": {
        "min_age": "7d",
        "actions": {
          "delete": {}
        }
      }
    }
  }
}
