{
	      "mapping" : {  
         
        "properties" : {  
          "source" : {  
            "type" : "keyword",  
            "index" : "not_analyzed"  
          },  
          "type" : {  
            "type" : "keyword",  
            "index" : "not_analyzed"  
          },  
          "token" : {  
            "type" : "keyword",  
            "index" : "not_analyzed"  
          },  
          "timestamp" : {  
            "type" : "date",  
            "format":"yyyy-MM-dd HH:mm:ss",
            "ignore_malformed" : "false", 
            "null_value":null
          },  
          "uuid" : {  
            "type" : "keyword",  
            "index" : "not_analyzed"  
          },  
          "taskId" : {  
            "type" : "keyword",
            "index" : "not_analyzed"
          },  
          "orgNo" : {  
            "type" : "keyword",
            "index" : "not_analyzed"
          },  
          "taskConfigId" : {  
            "type" : "keyword",
            "index" : "not_analyzed"
          },  
          "taskTime" : {  
            "type" : "date",  
            "format":"yyyy-MM-dd HH:mm:ss",
            "ignore_malformed" : "false", 
            "null_value":null  
          },  
          "autoTaskFlag" : {  
            "type" : "keyword",
            "index" : "not_analyzed" 
          },  
          "collectPri" : {  
            "type" : "keyword",
            "index" : "not_analyzed"  
          },  
          "channelType" : {  
            "type" : "keyword",
            "index" : "not_analyzed"  
          },  
          "rtuId" : {  
            "type" : "keyword",
            "index" : "not_analyzed"   
          },  
          "pfId" : {  
            "type" : "keyword",
            "index" : "not_analyzed"  
          },  
          "channelGroupId" : {  
            "type" : "keyword",
            "index" : "not_analyzed"  
          },  
          "validTimeStart" : {  
            "type" : "keyword",
            "index" : "not_analyzed"  
          },  
          "validTimeEnd" : {  
            "type" : "keyword",
            "index" : "not_analyzed"  
          },  
          "execStartTime" : {  
            "type" : "date",  
            "format":"yyyy-MM-dd HH:mm:ss",
            "ignore_malformed" : "false", 
            "null_value":null  
          },  
          "retryTimes" : {  
            "type" : "keyword",
            "index" : "not_analyzed"  
          },  
          "dataTimeStart" : {  
            "type" : "date",  
            "format":"yyyy-MM-dd HH:mm:ss",
            "ignore_malformed" : "false", 
            "null_value":null 
          },  
          "dataTimeEnd" : {  
            "type" : "date",  
            "format":"yyyy-MM-dd HH:mm:ss",
            "ignore_malformed" : "false", 
            "null_value":null  
          },  
          "taskParaSerialXmlFlag" : {  
            "type" : "keyword",
            "index" : "not_analyzed"   
          },  
          "alTaskParaSerialString" : {  
            "type" : "keyword",
            "index" : "not_analyzed"   
          },  
          "taskStatus" : {  
            "type" : "keyword",
            "index" : "not_analyzed"   
          },  
          "taskReturnResult" : {  
            "type" : "keyword",
            "index" : "not_analyzed"  
          },  
          "taskReturnMSG" : {  
            "type" : "keyword",
            "index" : "not_analyzed"  
          },  
          "taskLockFlag" : {  
            "type" : "keyword",
            "index" : "not_analyzed"  
          },  
          "taskLockTime" : {  
            "type" : "date",  
            "format":"yyyy-MM-dd HH:mm:ss",
            "ignore_malformed" : "false", 
            "null_value":null  
          },  
          "threadId" : {  
            "type" : "keyword",
            "index" : "not_analyzed"  
          },  
          "threadStartTime" : {  
            "type" : "date",  
            "format":"yyyy-MM-dd HH:mm:ss",
            "ignore_malformed" : "false", 
            "null_value":null  
          },  
          "threadEndTime" : {  
            "type" : "date",  
            "format":"yyyy-MM-dd HH:mm:ss",
            "ignore_malformed" : "false", 
            "null_value":null  
          },  
          "uniqueId" : {  
            "type" : "keyword",
            "index" : "not_analyzed"  
          },  
          "taskContentSize" : {  
            "type" : "keyword",
            "index" : "not_analyzed"  
          },  
          "taskDataItemId" : {  
            "type" : "keyword",
            "index" : "not_analyzed"  
          },  
          "taskReturnResultCode" : {  
            "type" : "keyword",
            "index" : "not_analyzed"  
          },  
          "realTimeData" : {  
            "type" : "keyword",
            "index" : "not_analyzed"  
          },  
          "rtuType" : {  
            "type" : "keyword",
            "index" : "not_analyzed"  
          },  
          "taskType" : {  
            "type" : "keyword",
            "index" : "not_analyzed"  
          },  
          "totalItemsNum" : {  
            "type" : "keyword",
            "index" : "not_analyzed"  
          }  
        }  
      } 
	
}