{% import "rally.helpers" as rally with context %}

{
  "version": 2,
  "description": "Full text benchmark with academic papers from PMC",
  "indices": [
    {
      "name": "pmc",
      "body": "index.json",
      "types": ["articles"]
    }
  ],
  "corpora": [
    {
      "name": "pmc",
      "base-url": "http://benchmarks.elasticsearch.org.s3.amazonaws.com/corpora/pmc",
      "documents": [
        {
          "source-file": "documents.json.bz2",
          "document-count": 574199,
          "compressed-bytes": 5931724449,
          "uncompressed-bytes": 23256051757
        }
      ]
    }
  ],
  "operations": [
    {{ rally.collect(parts="operations/*.json") }}
  ],
  "challenges": [
    {{ rally.collect(parts="challenges/*.json") }}
  ]
}
