    {
      "name": "index",
      "operation-type": "bulk",
      "bulk-size": {{bulk_size | default(5000)}},
      "ingest-percentage": {{ingest_percentage | default(100)}}
    },
    {
      "name": "percolator_with_content_president_bush",
      "operation-type": "search",
      "body": {
        "query": {
          "percolate": {
            "field": "query",
            "document": {
              "body": "president bush"
            }
          }
        }
      }
    },
    {
      "name": "percolator_with_content_saddam_hussein",
      "operation-type": "search",
      "body": {
        "query": {
          "percolate": {
            "field": "query",
            "document": {
              "body": "saddam hussein"
            }
          }
        }
      }
    },
    {
      "name": "percolator_with_content_hurricane_katrina",
      "operation-type": "search",
      "body": {
        "query": {
          "percolate": {
            "field": "query",
            "document": {
              "body": "hurricane katrina"
            }
          }
        }
      }
    },
    {
      "name": "percolator_with_content_google",
      "operation-type": "search",
      "body": {
        "query": {
          "percolate": {
            "field": "query",
            "document": {
              "body": "google"
            }
          }
        }
      }
    },
    {
      "name": "percolator_no_score_with_content_google",
      "operation-type": "search",
      "body": {
        "query": {
          "constant_score": {
            "filter": {
              "percolate": {
                "field": "query",
                "document": {
                  "body": "google"
                }
              }
            }
          }
        }
      }
    },
    {
      "name": "percolator_with_highlighting",
      "operation-type": "search",
      "body": {
        "query": {
          "percolate": {
            "field": "query",
            "document": {
              "body": "Israeli prime minister Ariel Sharon suffers a massive stroke; he is replaced by acting prime minister Ehud Olmert"
            }
          }
        },
        "highlight": {
          "fields": {
            "body": {}
          }
        }
      }
    },
    {
      "name": "percolator_with_content_ignore_me",
      "operation-type": "search",
      "body": {
        "query": {
          "percolate": {
            "field": "query",
            "document": {
              "body": "ignore me"
            }
          }
        }
      }
    },
    {
      "name": "percolator_no_score_with_content_ignore_me",
      "operation-type": "search",
      "body": {
        "query": {
          "constant_score": {
            "filter": {
              "percolate": {
                "field": "query",
                "document": {
                  "body": "ignore me"
                }
              }
            }
          }
        }
      }
    }