    {
      "name": "index-append",
      "operation-type": "bulk",
      "bulk-size": {{bulk_size | default(5000)}},
      "ingest-percentage": {{ingest_percentage | default(100)}}
    },
    {
      "name": "index-update",
      "operation-type": "bulk",
      "bulk-size": {{bulk_size | default(5000)}},
      "ingest-percentage": {{ingest_percentage | default(100)}},
      "conflicts": "{{conflicts | default('random')}}",
      "on-conflict": "{{on_conflict | default('index')}}",
      "conflict-probability": {{conflict_probability | default(25)}},
      "recency": {{recency | default(0)}}
    },
    {
      "name": "default",
      "operation-type": "search",
      "body": {
        "query": {
          "match_all": {}
        }
      }
    },
    {
      "name": "term",
      "operation-type": "search",
      "body": {
        "query": {
          "term": {
            "country_code.raw": "AT"
          }
        }
      }
    },
    {
      "name": "phrase",
      "operation-type": "search",
      "body": {
        "query": {
          "match_phrase": {
            "name": "Sankt Georgen"
          }
        }
      }
    },
    {
      "name": "country_agg_uncached",
      "operation-type": "search",
      "body": {
        "size": 0,
        "aggs": {
          "country_population": {
            "terms": {
              "field": "country_code.raw"
            },
            "aggs": {
              "sum_population": {
                "sum": {
                  "field": "population"
                }
              }
            }
          }
        }
      }
    },
    {
      "name": "country_agg_cached",
      "operation-type": "search",
      "cache": true,
      "body": {
        "size": 0,
        "aggs": {
          "country_population": {
            "terms": {
              "field": "country_code.raw"
            },
            "aggs": {
              "sum_population": {
                "sum": {
                  "field": "population"
                }
              }
            }
          }
        }
      }
    },
    {
      "name": "scroll",
      "operation-type": "search",
      "pages": 25,
      "results-per-page": 1000,
      "body": {
        "query": {
          "match_all": {}
        }
      }
    },
    {
      "name": "expression",
      "operation-type": "search",
      "body": {
        "query": {
          "function_score": {
            "query": {
              "match_all": {}
            },
            "functions": [
              {
                "script_score": {
                  "script": {
                    "source": "abs(ln(abs(doc['population']) + 1) + doc['location'].lon + doc['location'].lat) * _score",
                    "lang": "expression"
                  }
                }
              }
            ]
          }
        }
      }
    },
    {
      "name": "painless_static",
      "operation-type": "search",
      "body": {
        "query": {
          "function_score": {
            "query": {
              "match_all": {}
            },
            "functions": [
              {
                "script_score": {
                  "script": {
                    "source": "Math.abs(Math.log(Math.abs((int)((List)doc.population).get(0)) + 1) + (double)(doc.location.lon) * (double)(doc.location.lat))/_score",
                    "lang": "painless"
                  }
                }
              }
            ]
          }
        }
      }
    },
    {
      "name": "painless_dynamic",
      "operation-type": "search",
      "body": {
        "query": {
          "function_score": {
            "query": {
              "match_all": {}
            },
            "functions": [
              {
                "script_score": {
                  "script": {
                    "source": "Math.abs(Math.log(Math.abs(doc['population'].value) + 1) + doc['location'].lon * doc['location'].lat)/_score",
                    "lang": "painless"
                  }
                }
              }
            ]
          }
        }
      }
    }
