    {
      "name": "append-no-conflicts",
      "description": "Indexes the whole document corpus using Elasticsearch default settings. We only adjust the number of replicas as we benchmark a single node cluster and Rally will only start the benchmark if the cluster turns green and we want to ensure that we don't use the query cache. Document ids are unique so all index operations are append only. After that a couple of queries are run.",
      "default": true,
      "schedule": [
        {
          "operation": "delete-index"
        },
        {
          "operation": {
            "operation-type": "create-index",
            "settings": {{index_settings | default({}) | tojson}}
          }
        },
        {
          "name": "check-cluster-health",
          "operation": {
            "operation-type": "cluster-health",
            "index": "weather-data-2016",
            "request-params": {
              "wait_for_status": "{{cluster_health | default('green')}}",
              "wait_for_no_relocating_shards": "true"
            }
          }
        },
        {
          "operation": "index",
          "#COMMENT": "This is an incredibly short warmup time period but it is necessary to get also measurement samples. As this benchmark is rather about search than indexing this is ok.",
          "warmup-time-period": 10,
          "clients": {{bulk_indexing_clients | default(8)}}
        },
        {
          "name": "refresh-after-index",
          "operation": "refresh"
        },
        {
          "operation": {
            "operation-type": "force-merge",
            "request-timeout": 7200
          }
        },
        {
          "name": "refresh-after-force-merge",
          "operation": "refresh"
        },
        {
          "name": "wait-until-merges-finish",
          "operation": {
            "operation-type": "index-stats",
            "index": "_all",
            "condition": {
              "path": "_all.total.merges.current",
              "expected-value": 0
            },
            "retry-until-success": true,
            "include-in-reporting": false
          }
        },
        {
          "operation": "range_field_big_range",
          "warmup-iterations": 100,
          "iterations": 500,
          "target-throughput": 8
        },
        {
          "operation": "range_field_small_range",
          "warmup-iterations": 100,
          "iterations": 500,
          "target-throughput": 10
        },
        {
          "operation": "range_field_conjunction_big_range_small_term_query",
          "warmup-iterations": 100,
          "iterations": 500,
          "target-throughput": 10
        },
        {
          "operation": "range_field_conjunction_small_range_small_term_query",
          "warmup-iterations": 100,
          "iterations": 500,
          "target-throughput": 10
        },
        {
          "operation": "range_field_conjunction_small_range_big_term_query",
          "warmup-iterations": 100,
          "iterations": 500,
          "target-throughput": 4
        },
        {
          "operation": "range_field_conjunction_big_range_big_term_query",
          "warmup-iterations": 100,
          "iterations": 500,
          "target-throughput": 1
        },
        {
          "operation": "range_field_disjunction_small_range_small_term_query",
          "warmup-iterations": 100,
          "iterations": 500,
          "target-throughput": 10
        },
        {
          "operation": "range_field_disjunction_big_range_small_term_query",
          "warmup-iterations": 100,
          "iterations": 500,
          "target-throughput": 6
        }
      ]
    },
    {
      "name": "append-no-conflicts-index-only",
      "description": "Indexes the whole document corpus using Elasticsearch default settings.",
      "schedule": [
        {
          "operation": "delete-index"
        },
        {
          "operation": {
            "operation-type": "create-index",
            "settings": {{index_settings | default({}) | tojson}}
          }
        },
        {
          "name": "check-cluster-health",
          "operation": {
            "operation-type": "cluster-health",
            "index": "weather-data-2016",
            "request-params": {
              "wait_for_status": "{{cluster_health | default('green')}}",
              "wait_for_no_relocating_shards": "true"
            }
          }
        },
        {
          "operation": "index",
          "#COMMENT": "This is an incredibly short warmup time period but it is necessary to get also measurement samples. As this benchmark is rather about search than indexing this is ok.",
          "warmup-time-period": 10,
          "clients": {{bulk_indexing_clients | default(8)}}
        },
        {
          "name": "refresh-after-index",
          "operation": "refresh"
        },
        {
          "operation": {
            "operation-type": "force-merge",
            "request-timeout": 7200
          }
        },
        {
          "name": "refresh-after-force-merge",
          "operation": "refresh"
        },
        {
          "name": "wait-until-merges-finish",
          "operation": {
            "operation-type": "index-stats",
            "index": "_all",
            "condition": {
              "path": "_all.total.merges.current",
              "expected-value": 0
            },
            "retry-until-success": true,
            "include-in-reporting": false
          }
        }
      ]
    }
