    {
      "name": "index",
      "operation-type": "bulk",
      "bulk-size": {{bulk_size | default(10000)}},
      "ingest-percentage": {{ingest_percentage | default(100)}}
    },
    {
      "name": "update",
      "operation-type": "bulk",
      "bulk-size": {{bulk_size | default(10000)}},
      "ingest-percentage": {{ingest_percentage | default(100)}},
      "conflicts": "{{conflicts | default('random')}}",
      "on-conflict": "{{on_conflict | default('update')}}",
      "conflict-probability": {{conflict_probability | default(25)}},
      "recency": {{recency | default(0)}}
    },
    {
      "name": "default",
      "operation-type": "search",
      "body": {
        "query": {
          "match_all": {}
        }
      }
    },
    {
      "name": "range",
      "operation-type": "search",
      "body": {
        "query": {
          "range": {
            "total_amount": {
              "gte": 5,
              "lt": 15
            }
          }
        }
      }
    },
    {
      "name": "distance_amount_agg",
      "operation-type": "search",
      "body": {
        "size": 0,
        "aggs": {
          "distance_histo": {
            "histogram": {
              "field": "distance",
              "interval": 1
            },
            "aggs": {
              "total_amount_stats": {
                "stats": {
                  "field": "total_amount"
                }
              }
            }
          }
        }
      }
    },
    {
      "name": "autohisto_agg",
      "operation-type": "search",
      "body": {
        "size": 0,
        "query": {
          "range": {
            "dropoff_datetime": {
              "gte": "01/01/2015",
              "lte": "21/01/2015",
              "format": "dd/MM/yyyy"
            }
          }
        },
        "aggs": {
          "dropoffs_over_time": {
            "auto_date_histogram": {
              "field": "dropoff_datetime",
              "buckets": 20
            }
          }
        }
      }
    },
    {
      "name": "date_histogram_agg",
      "operation-type": "search",
      "body": {
        "size": 0,
        "query": {
          "range": {
              "dropoff_datetime": {
              "gte": "01/01/2015",
              "lte": "21/01/2015",
              "format": "dd/MM/yyyy"
            }
          }
        },
        "aggs": {
          "dropoffs_over_time": {
            "date_histogram": {
              "field": "dropoff_datetime",
              "interval": "day"
            }
          }
        }
      }
    }
