    {
      "name": "index-append",
      "operation-type": "bulk",
      "bulk-size": {{bulk_size | default(5000)}},
      "ingest-percentage": {{ingest_percentage | default(100)}}
    },
    {
      "name": "index-update",
      "operation-type": "bulk",
      "bulk-size": {{bulk_size | default(5000)}},
      "ingest-percentage": {{ingest_percentage | default(100)}},
      "conflicts": "{{conflicts | default('random')}}",
      "on-conflict": "{{on_conflict | default('index')}}",
      "conflict-probability": {{conflict_probability | default(25)}},
      "recency": {{recency | default(0)}}
    },
    {
      "name": "polygon",
      "operation-type": "search",
      "body": {
        "query": {
          "geo_polygon": {
            "location": {
              "points": [
                [-0.1, 49.0],
                [5.0, 48.0],
                [15.0, 49.0],
                [14.0, 60.0],
                [-0.1, 61.0],
                [-0.1, 49.0]
              ]
            }
          }
        }
      }
    },
    {
      "name": "bbox",
      "operation-type": "search",
      "body": {
        "query": {
          "geo_bounding_box": {
            "location": {
              "top_left": [-0.1, 61.0],
              "bottom_right": [15.0, 48.0]
            }
          }
        }
      }
    },
    {
      "name": "distance",
      "operation-type": "search",
      "body": {
        "query": {
          "geo_distance": {
            "distance": "200km",
            "location": [7.0, 55.0]
          }
        }
      }
    },
    {
      "name": "distanceRange",
      "operation-type": "search",
      "body": {
        "query": {
          "match_all": {}
        },
        "aggs": {
          "geo_distance_range_agg": {
            "geo_distance": {
              "field": "location",
              "origin": "55.0, 7.0",
              "unit": "km",
              "ranges": [
                {
                  "from": 200,
                  "to": 400
                }
              ]
            }
          }
        }
      }
    }