{% import "rally.helpers" as rally with context %}

{
  "version": 2,
  "description": "Global daily weather measurements from NOAA",
  "indices": [
    {
      "name": "weather-data-2016",
      "body": "index.json",
      "types": ["summary"]
    }
  ],
  "corpora": [
    {
      "name": "noaa",
      "base-url": "http://benchmarks.elasticsearch.org.s3.amazonaws.com/corpora/noaa",
      "documents": [
        {
          "source-file": "documents.json.bz2",
          "document-count": 33659481,
          "compressed-bytes": 995480468,
          "uncompressed-bytes": 9684262698
        }
      ]
    }
  ],
  "operations": [
    {{ rally.collect(parts="operations/*.json") }}
  ],
  "challenges": [
    {{ rally.collect(parts="challenges/*.json") }}
  ]
}
