{
  "settings": {
    "index.number_of_shards": {{number_of_shards | default(5)}},
    "index.number_of_replicas": {{number_of_replicas | default(0)}},
    "index.queries.cache.enabled": false,
    "index.requests.cache.enable": false
  },
  "mappings": {
    "content": {
      "_source": {
        "enabled": {{ source_enabled | default(true) | tojson }}
      },
      "dynamic": "strict",
      "properties": {
        "body": {
          "type": "text",
          "analyzer": "english"
        },
        "query": {
          "type": "percolator"
        }
      }
    }
  }
}